"geoid","region_type","year","measure","value","measure_type"
"51001","county","2021","prevent_hosp_rate",4036,"rate per 100k"
"51003","county","2021","prevent_hosp_rate",3533,"rate per 100k"
"51005","county","2021","prevent_hosp_rate",9113,"rate per 100k"
"51007","county","2021","prevent_hosp_rate",5286,"rate per 100k"
"51009","county","2021","prevent_hosp_rate",4404,"rate per 100k"
"51011","county","2021","prevent_hosp_rate",4816,"rate per 100k"
"51013","county","2021","prevent_hosp_rate",2804,"rate per 100k"
"51015","county","2021","prevent_hosp_rate",4113,"rate per 100k"
"51017","county","2021","prevent_hosp_rate",6972,"rate per 100k"
"51019","county","2021","prevent_hosp_rate",NA,"rate per 100k"
"51021","county","2021","prevent_hosp_rate",3689,"rate per 100k"
"51023","county","2021","prevent_hosp_rate",3639,"rate per 100k"
"51025","county","2021","prevent_hosp_rate",5174,"rate per 100k"
"51027","county","2021","prevent_hosp_rate",7599,"rate per 100k"
"51029","county","2021","prevent_hosp_rate",5710,"rate per 100k"
"51031","county","2021","prevent_hosp_rate",3918,"rate per 100k"
"51033","county","2021","prevent_hosp_rate",5181,"rate per 100k"
"51035","county","2021","prevent_hosp_rate",4458,"rate per 100k"
"51036","county","2021","prevent_hosp_rate",4449,"rate per 100k"
"51037","county","2021","prevent_hosp_rate",4941,"rate per 100k"
"51041","county","2021","prevent_hosp_rate",3516,"rate per 100k"
"51043","county","2021","prevent_hosp_rate",5111,"rate per 100k"
"51045","county","2021","prevent_hosp_rate",4523,"rate per 100k"
"51047","county","2021","prevent_hosp_rate",4609,"rate per 100k"
"51049","county","2021","prevent_hosp_rate",5139,"rate per 100k"
"51051","county","2021","prevent_hosp_rate",5433,"rate per 100k"
"51053","county","2021","prevent_hosp_rate",6277,"rate per 100k"
"51057","county","2021","prevent_hosp_rate",4083,"rate per 100k"
"51059","county","2021","prevent_hosp_rate",2829,"rate per 100k"
"51061","county","2021","prevent_hosp_rate",5501,"rate per 100k"
"51063","county","2021","prevent_hosp_rate",3463,"rate per 100k"
"51065","county","2021","prevent_hosp_rate",3602,"rate per 100k"
"51067","county","2021","prevent_hosp_rate",3578,"rate per 100k"
"51069","county","2021","prevent_hosp_rate",5313,"rate per 100k"
"51071","county","2021","prevent_hosp_rate",4840,"rate per 100k"
"51073","county","2021","prevent_hosp_rate",3481,"rate per 100k"
"51075","county","2021","prevent_hosp_rate",2630,"rate per 100k"
"51077","county","2021","prevent_hosp_rate",3969,"rate per 100k"
"51079","county","2021","prevent_hosp_rate",5212,"rate per 100k"
"51081","county","2021","prevent_hosp_rate",5301,"rate per 100k"
"51083","county","2021","prevent_hosp_rate",4612,"rate per 100k"
"51085","county","2021","prevent_hosp_rate",3698,"rate per 100k"
"51087","county","2021","prevent_hosp_rate",3241,"rate per 100k"
"51089","county","2021","prevent_hosp_rate",5934,"rate per 100k"
"51091","county","2021","prevent_hosp_rate",5747,"rate per 100k"
"51093","county","2021","prevent_hosp_rate",4184,"rate per 100k"
"51095","county","2021","prevent_hosp_rate",4429,"rate per 100k"
"51097","county","2021","prevent_hosp_rate",4524,"rate per 100k"
"51099","county","2021","prevent_hosp_rate",6327,"rate per 100k"
"51101","county","2021","prevent_hosp_rate",4017,"rate per 100k"
"51103","county","2021","prevent_hosp_rate",2468,"rate per 100k"
"51105","county","2021","prevent_hosp_rate",5443,"rate per 100k"
"51107","county","2021","prevent_hosp_rate",3545,"rate per 100k"
"51109","county","2021","prevent_hosp_rate",4229,"rate per 100k"
"51111","county","2021","prevent_hosp_rate",4797,"rate per 100k"
"51113","county","2021","prevent_hosp_rate",4509,"rate per 100k"
"51115","county","2021","prevent_hosp_rate",3053,"rate per 100k"
"51117","county","2021","prevent_hosp_rate",4513,"rate per 100k"
"51119","county","2021","prevent_hosp_rate",3194,"rate per 100k"
"51121","county","2021","prevent_hosp_rate",3630,"rate per 100k"
"51125","county","2021","prevent_hosp_rate",4120,"rate per 100k"
"51127","county","2021","prevent_hosp_rate",3692,"rate per 100k"
"51131","county","2021","prevent_hosp_rate",3455,"rate per 100k"
"51133","county","2021","prevent_hosp_rate",3259,"rate per 100k"
"51135","county","2021","prevent_hosp_rate",5522,"rate per 100k"
"51137","county","2021","prevent_hosp_rate",4760,"rate per 100k"
"51139","county","2021","prevent_hosp_rate",4834,"rate per 100k"
"51141","county","2021","prevent_hosp_rate",4064,"rate per 100k"
"51143","county","2021","prevent_hosp_rate",4002,"rate per 100k"
"51145","county","2021","prevent_hosp_rate",3913,"rate per 100k"
"51147","county","2021","prevent_hosp_rate",4985,"rate per 100k"
"51149","county","2021","prevent_hosp_rate",3948,"rate per 100k"
"51153","county","2021","prevent_hosp_rate",4709,"rate per 100k"
"51155","county","2021","prevent_hosp_rate",5427,"rate per 100k"
"51157","county","2021","prevent_hosp_rate",2797,"rate per 100k"
"51159","county","2021","prevent_hosp_rate",4104,"rate per 100k"
"51161","county","2021","prevent_hosp_rate",3639,"rate per 100k"
"51163","county","2021","prevent_hosp_rate",4296,"rate per 100k"
"51165","county","2021","prevent_hosp_rate",6009,"rate per 100k"
"51167","county","2021","prevent_hosp_rate",7080,"rate per 100k"
"51169","county","2021","prevent_hosp_rate",4733,"rate per 100k"
"51171","county","2021","prevent_hosp_rate",5088,"rate per 100k"
"51173","county","2021","prevent_hosp_rate",4663,"rate per 100k"
"51175","county","2021","prevent_hosp_rate",6633,"rate per 100k"
"51177","county","2021","prevent_hosp_rate",6155,"rate per 100k"
"51179","county","2021","prevent_hosp_rate",6231,"rate per 100k"
"51181","county","2021","prevent_hosp_rate",3580,"rate per 100k"
"51183","county","2021","prevent_hosp_rate",5909,"rate per 100k"
"51185","county","2021","prevent_hosp_rate",5937,"rate per 100k"
"51187","county","2021","prevent_hosp_rate",4966,"rate per 100k"
"51191","county","2021","prevent_hosp_rate",4294,"rate per 100k"
"51193","county","2021","prevent_hosp_rate",4888,"rate per 100k"
"51195","county","2021","prevent_hosp_rate",4990,"rate per 100k"
"51197","county","2021","prevent_hosp_rate",4820,"rate per 100k"
"51199","county","2021","prevent_hosp_rate",3575,"rate per 100k"
"51510","county","2021","prevent_hosp_rate",4009,"rate per 100k"
"51520","county","2021","prevent_hosp_rate",6827,"rate per 100k"
"51530","county","2021","prevent_hosp_rate",4980,"rate per 100k"
"51540","county","2021","prevent_hosp_rate",3556,"rate per 100k"
"51550","county","2021","prevent_hosp_rate",4769,"rate per 100k"
"51570","county","2021","prevent_hosp_rate",5700,"rate per 100k"
"51580","county","2021","prevent_hosp_rate",4687,"rate per 100k"
"51590","county","2021","prevent_hosp_rate",5149,"rate per 100k"
"51595","county","2021","prevent_hosp_rate",5535,"rate per 100k"
"51600","county","2021","prevent_hosp_rate",2610,"rate per 100k"
"51610","county","2021","prevent_hosp_rate",2091,"rate per 100k"
"51620","county","2021","prevent_hosp_rate",5773,"rate per 100k"
"51630","county","2021","prevent_hosp_rate",6769,"rate per 100k"
"51640","county","2021","prevent_hosp_rate",3909,"rate per 100k"
"51650","county","2021","prevent_hosp_rate",4354,"rate per 100k"
"51660","county","2021","prevent_hosp_rate",4753,"rate per 100k"
"51670","county","2021","prevent_hosp_rate",6199,"rate per 100k"
"51678","county","2021","prevent_hosp_rate",3171,"rate per 100k"
"51680","county","2021","prevent_hosp_rate",4156,"rate per 100k"
"51683","county","2021","prevent_hosp_rate",4114,"rate per 100k"
"51685","county","2021","prevent_hosp_rate",NA,"rate per 100k"
"51690","county","2021","prevent_hosp_rate",6149,"rate per 100k"
"51700","county","2021","prevent_hosp_rate",4362,"rate per 100k"
"51710","county","2021","prevent_hosp_rate",5148,"rate per 100k"
"51720","county","2021","prevent_hosp_rate",6767,"rate per 100k"
"51730","county","2021","prevent_hosp_rate",6476,"rate per 100k"
"51735","county","2021","prevent_hosp_rate",4050,"rate per 100k"
"51740","county","2021","prevent_hosp_rate",4717,"rate per 100k"
"51750","county","2021","prevent_hosp_rate",4707,"rate per 100k"
"51760","county","2021","prevent_hosp_rate",4529,"rate per 100k"
"51770","county","2021","prevent_hosp_rate",4492,"rate per 100k"
"51775","county","2021","prevent_hosp_rate",3975,"rate per 100k"
"51790","county","2021","prevent_hosp_rate",4153,"rate per 100k"
"51800","county","2021","prevent_hosp_rate",5621,"rate per 100k"
"51810","county","2021","prevent_hosp_rate",4487,"rate per 100k"
"51820","county","2021","prevent_hosp_rate",4568,"rate per 100k"
"51830","county","2021","prevent_hosp_rate",3493,"rate per 100k"
"51840","county","2021","prevent_hosp_rate",5079,"rate per 100k"
"51001","county","2020","prevent_hosp_rate",4264,"rate per 100k"
"51003","county","2020","prevent_hosp_rate",3717,"rate per 100k"
"51005","county","2020","prevent_hosp_rate",7221,"rate per 100k"
"51007","county","2020","prevent_hosp_rate",4610,"rate per 100k"
"51009","county","2020","prevent_hosp_rate",5247,"rate per 100k"
"51011","county","2020","prevent_hosp_rate",4541,"rate per 100k"
"51013","county","2020","prevent_hosp_rate",2717,"rate per 100k"
"51015","county","2020","prevent_hosp_rate",4305,"rate per 100k"
"51017","county","2020","prevent_hosp_rate",7214,"rate per 100k"
"51019","county","2020","prevent_hosp_rate",NA,"rate per 100k"
"51021","county","2020","prevent_hosp_rate",4259,"rate per 100k"
"51023","county","2020","prevent_hosp_rate",3423,"rate per 100k"
"51025","county","2020","prevent_hosp_rate",6000,"rate per 100k"
"51027","county","2020","prevent_hosp_rate",10329,"rate per 100k"
"51029","county","2020","prevent_hosp_rate",4426,"rate per 100k"
"51031","county","2020","prevent_hosp_rate",4641,"rate per 100k"
"51033","county","2020","prevent_hosp_rate",5781,"rate per 100k"
"51035","county","2020","prevent_hosp_rate",4375,"rate per 100k"
"51036","county","2020","prevent_hosp_rate",3895,"rate per 100k"
"51037","county","2020","prevent_hosp_rate",4673,"rate per 100k"
"51041","county","2020","prevent_hosp_rate",3931,"rate per 100k"
"51043","county","2020","prevent_hosp_rate",6287,"rate per 100k"
"51045","county","2020","prevent_hosp_rate",5248,"rate per 100k"
"51047","county","2020","prevent_hosp_rate",4630,"rate per 100k"
"51049","county","2020","prevent_hosp_rate",5643,"rate per 100k"
"51051","county","2020","prevent_hosp_rate",5623,"rate per 100k"
"51053","county","2020","prevent_hosp_rate",6840,"rate per 100k"
"51057","county","2020","prevent_hosp_rate",3243,"rate per 100k"
"51059","county","2020","prevent_hosp_rate",3008,"rate per 100k"
"51061","county","2020","prevent_hosp_rate",4405,"rate per 100k"
"51063","county","2020","prevent_hosp_rate",3563,"rate per 100k"
"51065","county","2020","prevent_hosp_rate",3510,"rate per 100k"
"51067","county","2020","prevent_hosp_rate",3535,"rate per 100k"
"51069","county","2020","prevent_hosp_rate",5786,"rate per 100k"
"51071","county","2020","prevent_hosp_rate",3373,"rate per 100k"
"51073","county","2020","prevent_hosp_rate",3752,"rate per 100k"
"51075","county","2020","prevent_hosp_rate",3465,"rate per 100k"
"51077","county","2020","prevent_hosp_rate",3887,"rate per 100k"
"51079","county","2020","prevent_hosp_rate",5643,"rate per 100k"
"51081","county","2020","prevent_hosp_rate",6631,"rate per 100k"
"51083","county","2020","prevent_hosp_rate",4413,"rate per 100k"
"51085","county","2020","prevent_hosp_rate",4325,"rate per 100k"
"51087","county","2020","prevent_hosp_rate",3632,"rate per 100k"
"51089","county","2020","prevent_hosp_rate",5683,"rate per 100k"
"51091","county","2020","prevent_hosp_rate",3563,"rate per 100k"
"51093","county","2020","prevent_hosp_rate",4304,"rate per 100k"
"51095","county","2020","prevent_hosp_rate",4885,"rate per 100k"
"51097","county","2020","prevent_hosp_rate",4265,"rate per 100k"
"51099","county","2020","prevent_hosp_rate",6073,"rate per 100k"
"51101","county","2020","prevent_hosp_rate",4516,"rate per 100k"
"51103","county","2020","prevent_hosp_rate",2905,"rate per 100k"
"51105","county","2020","prevent_hosp_rate",5603,"rate per 100k"
"51107","county","2020","prevent_hosp_rate",4328,"rate per 100k"
"51109","county","2020","prevent_hosp_rate",4798,"rate per 100k"
"51111","county","2020","prevent_hosp_rate",5184,"rate per 100k"
"51113","county","2020","prevent_hosp_rate",4771,"rate per 100k"
"51115","county","2020","prevent_hosp_rate",2707,"rate per 100k"
"51117","county","2020","prevent_hosp_rate",5150,"rate per 100k"
"51119","county","2020","prevent_hosp_rate",4067,"rate per 100k"
"51121","county","2020","prevent_hosp_rate",3553,"rate per 100k"
"51125","county","2020","prevent_hosp_rate",3879,"rate per 100k"
"51127","county","2020","prevent_hosp_rate",3929,"rate per 100k"
"51131","county","2020","prevent_hosp_rate",4093,"rate per 100k"
"51133","county","2020","prevent_hosp_rate",2762,"rate per 100k"
"51135","county","2020","prevent_hosp_rate",5519,"rate per 100k"
"51137","county","2020","prevent_hosp_rate",4303,"rate per 100k"
"51139","county","2020","prevent_hosp_rate",5237,"rate per 100k"
"51141","county","2020","prevent_hosp_rate",4466,"rate per 100k"
"51143","county","2020","prevent_hosp_rate",3750,"rate per 100k"
"51145","county","2020","prevent_hosp_rate",3720,"rate per 100k"
"51147","county","2020","prevent_hosp_rate",5284,"rate per 100k"
"51149","county","2020","prevent_hosp_rate",6073,"rate per 100k"
"51153","county","2020","prevent_hosp_rate",5131,"rate per 100k"
"51155","county","2020","prevent_hosp_rate",4993,"rate per 100k"
"51157","county","2020","prevent_hosp_rate",4669,"rate per 100k"
"51159","county","2020","prevent_hosp_rate",4930,"rate per 100k"
"51161","county","2020","prevent_hosp_rate",3544,"rate per 100k"
"51163","county","2020","prevent_hosp_rate",3572,"rate per 100k"
"51165","county","2020","prevent_hosp_rate",5730,"rate per 100k"
"51167","county","2020","prevent_hosp_rate",8220,"rate per 100k"
"51169","county","2020","prevent_hosp_rate",4998,"rate per 100k"
"51171","county","2020","prevent_hosp_rate",5688,"rate per 100k"
"51173","county","2020","prevent_hosp_rate",5522,"rate per 100k"
"51175","county","2020","prevent_hosp_rate",5552,"rate per 100k"
"51177","county","2020","prevent_hosp_rate",6469,"rate per 100k"
"51179","county","2020","prevent_hosp_rate",5741,"rate per 100k"
"51181","county","2020","prevent_hosp_rate",3508,"rate per 100k"
"51183","county","2020","prevent_hosp_rate",6863,"rate per 100k"
"51185","county","2020","prevent_hosp_rate",6434,"rate per 100k"
"51187","county","2020","prevent_hosp_rate",5497,"rate per 100k"
"51191","county","2020","prevent_hosp_rate",6122,"rate per 100k"
"51193","county","2020","prevent_hosp_rate",5353,"rate per 100k"
"51195","county","2020","prevent_hosp_rate",5022,"rate per 100k"
"51197","county","2020","prevent_hosp_rate",4710,"rate per 100k"
"51199","county","2020","prevent_hosp_rate",3596,"rate per 100k"
"51510","county","2020","prevent_hosp_rate",4635,"rate per 100k"
"51520","county","2020","prevent_hosp_rate",6689,"rate per 100k"
"51530","county","2020","prevent_hosp_rate",3579,"rate per 100k"
"51540","county","2020","prevent_hosp_rate",3935,"rate per 100k"
"51550","county","2020","prevent_hosp_rate",5010,"rate per 100k"
"51570","county","2020","prevent_hosp_rate",5579,"rate per 100k"
"51580","county","2020","prevent_hosp_rate",5163,"rate per 100k"
"51590","county","2020","prevent_hosp_rate",5475,"rate per 100k"
"51595","county","2020","prevent_hosp_rate",6136,"rate per 100k"
"51600","county","2020","prevent_hosp_rate",2980,"rate per 100k"
"51610","county","2020","prevent_hosp_rate",2793,"rate per 100k"
"51620","county","2020","prevent_hosp_rate",5508,"rate per 100k"
"51630","county","2020","prevent_hosp_rate",5514,"rate per 100k"
"51640","county","2020","prevent_hosp_rate",4160,"rate per 100k"
"51650","county","2020","prevent_hosp_rate",4424,"rate per 100k"
"51660","county","2020","prevent_hosp_rate",4697,"rate per 100k"
"51670","county","2020","prevent_hosp_rate",6536,"rate per 100k"
"51678","county","2020","prevent_hosp_rate",2531,"rate per 100k"
"51680","county","2020","prevent_hosp_rate",4384,"rate per 100k"
"51683","county","2020","prevent_hosp_rate",4412,"rate per 100k"
"51685","county","2020","prevent_hosp_rate",NA,"rate per 100k"
"51690","county","2020","prevent_hosp_rate",6637,"rate per 100k"
"51700","county","2020","prevent_hosp_rate",4689,"rate per 100k"
"51710","county","2020","prevent_hosp_rate",5638,"rate per 100k"
"51720","county","2020","prevent_hosp_rate",6775,"rate per 100k"
"51730","county","2020","prevent_hosp_rate",7055,"rate per 100k"
"51735","county","2020","prevent_hosp_rate",4597,"rate per 100k"
"51740","county","2020","prevent_hosp_rate",5067,"rate per 100k"
"51750","county","2020","prevent_hosp_rate",4136,"rate per 100k"
"51760","county","2020","prevent_hosp_rate",4572,"rate per 100k"
"51770","county","2020","prevent_hosp_rate",4276,"rate per 100k"
"51775","county","2020","prevent_hosp_rate",4067,"rate per 100k"
"51790","county","2020","prevent_hosp_rate",3728,"rate per 100k"
"51800","county","2020","prevent_hosp_rate",5765,"rate per 100k"
"51810","county","2020","prevent_hosp_rate",4637,"rate per 100k"
"51820","county","2020","prevent_hosp_rate",3507,"rate per 100k"
"51830","county","2020","prevent_hosp_rate",4221,"rate per 100k"
"51840","county","2020","prevent_hosp_rate",5099,"rate per 100k"
"51001","county","2019","prevent_hosp_rate",4745,"rate per 100k"
"51003","county","2019","prevent_hosp_rate",2837,"rate per 100k"
"51005","county","2019","prevent_hosp_rate",8763,"rate per 100k"
"51007","county","2019","prevent_hosp_rate",4809,"rate per 100k"
"51009","county","2019","prevent_hosp_rate",4318,"rate per 100k"
"51011","county","2019","prevent_hosp_rate",4471,"rate per 100k"
"51013","county","2019","prevent_hosp_rate",3001,"rate per 100k"
"51015","county","2019","prevent_hosp_rate",4280,"rate per 100k"
"51017","county","2019","prevent_hosp_rate",5590,"rate per 100k"
"51019","county","2019","prevent_hosp_rate",3436,"rate per 100k"
"51021","county","2019","prevent_hosp_rate",3821,"rate per 100k"
"51023","county","2019","prevent_hosp_rate",3375,"rate per 100k"
"51025","county","2019","prevent_hosp_rate",6961,"rate per 100k"
"51027","county","2019","prevent_hosp_rate",10521,"rate per 100k"
"51029","county","2019","prevent_hosp_rate",5416,"rate per 100k"
"51031","county","2019","prevent_hosp_rate",4694,"rate per 100k"
"51033","county","2019","prevent_hosp_rate",4921,"rate per 100k"
"51035","county","2019","prevent_hosp_rate",4305,"rate per 100k"
"51036","county","2019","prevent_hosp_rate",4475,"rate per 100k"
"51037","county","2019","prevent_hosp_rate",4435,"rate per 100k"
"51041","county","2019","prevent_hosp_rate",4032,"rate per 100k"
"51043","county","2019","prevent_hosp_rate",6681,"rate per 100k"
"51045","county","2019","prevent_hosp_rate",3848,"rate per 100k"
"51047","county","2019","prevent_hosp_rate",4627,"rate per 100k"
"51049","county","2019","prevent_hosp_rate",6197,"rate per 100k"
"51051","county","2019","prevent_hosp_rate",5112,"rate per 100k"
"51053","county","2019","prevent_hosp_rate",5965,"rate per 100k"
"51057","county","2019","prevent_hosp_rate",4364,"rate per 100k"
"51059","county","2019","prevent_hosp_rate",3271,"rate per 100k"
"51061","county","2019","prevent_hosp_rate",5056,"rate per 100k"
"51063","county","2019","prevent_hosp_rate",2815,"rate per 100k"
"51065","county","2019","prevent_hosp_rate",3614,"rate per 100k"
"51067","county","2019","prevent_hosp_rate",3945,"rate per 100k"
"51069","county","2019","prevent_hosp_rate",6013,"rate per 100k"
"51071","county","2019","prevent_hosp_rate",3662,"rate per 100k"
"51073","county","2019","prevent_hosp_rate",3971,"rate per 100k"
"51075","county","2019","prevent_hosp_rate",3177,"rate per 100k"
"51077","county","2019","prevent_hosp_rate",4541,"rate per 100k"
"51079","county","2019","prevent_hosp_rate",3249,"rate per 100k"
"51081","county","2019","prevent_hosp_rate",5040,"rate per 100k"
"51083","county","2019","prevent_hosp_rate",4684,"rate per 100k"
"51085","county","2019","prevent_hosp_rate",3704,"rate per 100k"
"51087","county","2019","prevent_hosp_rate",3656,"rate per 100k"
"51089","county","2019","prevent_hosp_rate",5107,"rate per 100k"
"51091","county","2019","prevent_hosp_rate",2110,"rate per 100k"
"51093","county","2019","prevent_hosp_rate",4655,"rate per 100k"
"51095","county","2019","prevent_hosp_rate",4725,"rate per 100k"
"51097","county","2019","prevent_hosp_rate",5349,"rate per 100k"
"51099","county","2019","prevent_hosp_rate",5595,"rate per 100k"
"51101","county","2019","prevent_hosp_rate",3529,"rate per 100k"
"51103","county","2019","prevent_hosp_rate",3820,"rate per 100k"
"51105","county","2019","prevent_hosp_rate",5965,"rate per 100k"
"51107","county","2019","prevent_hosp_rate",4625,"rate per 100k"
"51109","county","2019","prevent_hosp_rate",4108,"rate per 100k"
"51111","county","2019","prevent_hosp_rate",3783,"rate per 100k"
"51113","county","2019","prevent_hosp_rate",3775,"rate per 100k"
"51115","county","2019","prevent_hosp_rate",3140,"rate per 100k"
"51117","county","2019","prevent_hosp_rate",4829,"rate per 100k"
"51119","county","2019","prevent_hosp_rate",4222,"rate per 100k"
"51121","county","2019","prevent_hosp_rate",3309,"rate per 100k"
"51125","county","2019","prevent_hosp_rate",4291,"rate per 100k"
"51127","county","2019","prevent_hosp_rate",3233,"rate per 100k"
"51131","county","2019","prevent_hosp_rate",5995,"rate per 100k"
"51133","county","2019","prevent_hosp_rate",3893,"rate per 100k"
"51135","county","2019","prevent_hosp_rate",5163,"rate per 100k"
"51137","county","2019","prevent_hosp_rate",3993,"rate per 100k"
"51139","county","2019","prevent_hosp_rate",5439,"rate per 100k"
"51141","county","2019","prevent_hosp_rate",4393,"rate per 100k"
"51143","county","2019","prevent_hosp_rate",4058,"rate per 100k"
"51145","county","2019","prevent_hosp_rate",4070,"rate per 100k"
"51147","county","2019","prevent_hosp_rate",5415,"rate per 100k"
"51149","county","2019","prevent_hosp_rate",5585,"rate per 100k"
"51153","county","2019","prevent_hosp_rate",4544,"rate per 100k"
"51155","county","2019","prevent_hosp_rate",6220,"rate per 100k"
"51157","county","2019","prevent_hosp_rate",3207,"rate per 100k"
"51159","county","2019","prevent_hosp_rate",3905,"rate per 100k"
"51161","county","2019","prevent_hosp_rate",3759,"rate per 100k"
"51163","county","2019","prevent_hosp_rate",3383,"rate per 100k"
"51165","county","2019","prevent_hosp_rate",4948,"rate per 100k"
"51167","county","2019","prevent_hosp_rate",8234,"rate per 100k"
"51169","county","2019","prevent_hosp_rate",5105,"rate per 100k"
"51171","county","2019","prevent_hosp_rate",5166,"rate per 100k"
"51173","county","2019","prevent_hosp_rate",5333,"rate per 100k"
"51175","county","2019","prevent_hosp_rate",5795,"rate per 100k"
"51177","county","2019","prevent_hosp_rate",6140,"rate per 100k"
"51179","county","2019","prevent_hosp_rate",6010,"rate per 100k"
"51181","county","2019","prevent_hosp_rate",4374,"rate per 100k"
"51183","county","2019","prevent_hosp_rate",5997,"rate per 100k"
"51185","county","2019","prevent_hosp_rate",6338,"rate per 100k"
"51187","county","2019","prevent_hosp_rate",5279,"rate per 100k"
"51191","county","2019","prevent_hosp_rate",6310,"rate per 100k"
"51193","county","2019","prevent_hosp_rate",5089,"rate per 100k"
"51195","county","2019","prevent_hosp_rate",6438,"rate per 100k"
"51197","county","2019","prevent_hosp_rate",5329,"rate per 100k"
"51199","county","2019","prevent_hosp_rate",3630,"rate per 100k"
"51510","county","2019","prevent_hosp_rate",5185,"rate per 100k"
"51520","county","2019","prevent_hosp_rate",6569,"rate per 100k"
"51530","county","2019","prevent_hosp_rate",3958,"rate per 100k"
"51540","county","2019","prevent_hosp_rate",3251,"rate per 100k"
"51550","county","2019","prevent_hosp_rate",4757,"rate per 100k"
"51570","county","2019","prevent_hosp_rate",4894,"rate per 100k"
"51580","county","2019","prevent_hosp_rate",5591,"rate per 100k"
"51590","county","2019","prevent_hosp_rate",5382,"rate per 100k"
"51595","county","2019","prevent_hosp_rate",6384,"rate per 100k"
"51600","county","2019","prevent_hosp_rate",3285,"rate per 100k"
"51610","county","2019","prevent_hosp_rate",2954,"rate per 100k"
"51620","county","2019","prevent_hosp_rate",5577,"rate per 100k"
"51630","county","2019","prevent_hosp_rate",5657,"rate per 100k"
"51640","county","2019","prevent_hosp_rate",4563,"rate per 100k"
"51650","county","2019","prevent_hosp_rate",4230,"rate per 100k"
"51660","county","2019","prevent_hosp_rate",3883,"rate per 100k"
"51670","county","2019","prevent_hosp_rate",6556,"rate per 100k"
"51678","county","2019","prevent_hosp_rate",3153,"rate per 100k"
"51680","county","2019","prevent_hosp_rate",4511,"rate per 100k"
"51683","county","2019","prevent_hosp_rate",3715,"rate per 100k"
"51685","county","2019","prevent_hosp_rate",NA,"rate per 100k"
"51690","county","2019","prevent_hosp_rate",7107,"rate per 100k"
"51700","county","2019","prevent_hosp_rate",4524,"rate per 100k"
"51710","county","2019","prevent_hosp_rate",5709,"rate per 100k"
"51720","county","2019","prevent_hosp_rate",5625,"rate per 100k"
"51730","county","2019","prevent_hosp_rate",7567,"rate per 100k"
"51735","county","2019","prevent_hosp_rate",2358,"rate per 100k"
"51740","county","2019","prevent_hosp_rate",4490,"rate per 100k"
"51750","county","2019","prevent_hosp_rate",4211,"rate per 100k"
"51760","county","2019","prevent_hosp_rate",4927,"rate per 100k"
"51770","county","2019","prevent_hosp_rate",4373,"rate per 100k"
"51775","county","2019","prevent_hosp_rate",4355,"rate per 100k"
"51790","county","2019","prevent_hosp_rate",4047,"rate per 100k"
"51800","county","2019","prevent_hosp_rate",5193,"rate per 100k"
"51810","county","2019","prevent_hosp_rate",4165,"rate per 100k"
"51820","county","2019","prevent_hosp_rate",4069,"rate per 100k"
"51830","county","2019","prevent_hosp_rate",3613,"rate per 100k"
"51840","county","2019","prevent_hosp_rate",5610,"rate per 100k"
"51001","county","2018","prevent_hosp_rate",42.86,"rate per 100k"
"51003","county","2018","prevent_hosp_rate",29.39,"rate per 100k"
"51005","county","2018","prevent_hosp_rate",85.3,"rate per 100k"
"51007","county","2018","prevent_hosp_rate",30.92,"rate per 100k"
"51009","county","2018","prevent_hosp_rate",36.8,"rate per 100k"
"51011","county","2018","prevent_hosp_rate",57.08,"rate per 100k"
"51013","county","2018","prevent_hosp_rate",21.06,"rate per 100k"
"51015","county","2018","prevent_hosp_rate",44.89,"rate per 100k"
"51017","county","2018","prevent_hosp_rate",62.88,"rate per 100k"
"51019","county","2018","prevent_hosp_rate",NA,"rate per 100k"
"51021","county","2018","prevent_hosp_rate",51.26,"rate per 100k"
"51023","county","2018","prevent_hosp_rate",39.1,"rate per 100k"
"51025","county","2018","prevent_hosp_rate",67.06,"rate per 100k"
"51027","county","2018","prevent_hosp_rate",108.25,"rate per 100k"
"51029","county","2018","prevent_hosp_rate",50.85,"rate per 100k"
"51031","county","2018","prevent_hosp_rate",40.84,"rate per 100k"
"51033","county","2018","prevent_hosp_rate",51.1,"rate per 100k"
"51035","county","2018","prevent_hosp_rate",52.36,"rate per 100k"
"51036","county","2018","prevent_hosp_rate",56.36,"rate per 100k"
"51037","county","2018","prevent_hosp_rate",37.52,"rate per 100k"
"51041","county","2018","prevent_hosp_rate",36,"rate per 100k"
"51043","county","2018","prevent_hosp_rate",51.62,"rate per 100k"
"51045","county","2018","prevent_hosp_rate",47.36,"rate per 100k"
"51047","county","2018","prevent_hosp_rate",42.64,"rate per 100k"
"51049","county","2018","prevent_hosp_rate",45.09,"rate per 100k"
"51051","county","2018","prevent_hosp_rate",85.17,"rate per 100k"
"51053","county","2018","prevent_hosp_rate",73.98,"rate per 100k"
"51057","county","2018","prevent_hosp_rate",33.72,"rate per 100k"
"51059","county","2018","prevent_hosp_rate",29.75,"rate per 100k"
"51061","county","2018","prevent_hosp_rate",55.32,"rate per 100k"
"51063","county","2018","prevent_hosp_rate",34.26,"rate per 100k"
"51065","county","2018","prevent_hosp_rate",31.42,"rate per 100k"
"51067","county","2018","prevent_hosp_rate",37.29,"rate per 100k"
"51069","county","2018","prevent_hosp_rate",63.69,"rate per 100k"
"51071","county","2018","prevent_hosp_rate",45.5,"rate per 100k"
"51073","county","2018","prevent_hosp_rate",37.41,"rate per 100k"
"51075","county","2018","prevent_hosp_rate",34.51,"rate per 100k"
"51077","county","2018","prevent_hosp_rate",41.87,"rate per 100k"
"51079","county","2018","prevent_hosp_rate",44.52,"rate per 100k"
"51081","county","2018","prevent_hosp_rate",NA,"rate per 100k"
"51083","county","2018","prevent_hosp_rate",37.01,"rate per 100k"
"51085","county","2018","prevent_hosp_rate",32.71,"rate per 100k"
"51087","county","2018","prevent_hosp_rate",38.69,"rate per 100k"
"51089","county","2018","prevent_hosp_rate",54.56,"rate per 100k"
"51091","county","2018","prevent_hosp_rate",48.61,"rate per 100k"
"51093","county","2018","prevent_hosp_rate",39.74,"rate per 100k"
"51095","county","2018","prevent_hosp_rate",33.5,"rate per 100k"
"51097","county","2018","prevent_hosp_rate",40.03,"rate per 100k"
"51099","county","2018","prevent_hosp_rate",51.6,"rate per 100k"
"51101","county","2018","prevent_hosp_rate",39.46,"rate per 100k"
"51103","county","2018","prevent_hosp_rate",33.06,"rate per 100k"
"51105","county","2018","prevent_hosp_rate",82.37,"rate per 100k"
"51107","county","2018","prevent_hosp_rate",42.1,"rate per 100k"
"51109","county","2018","prevent_hosp_rate",45.63,"rate per 100k"
"51111","county","2018","prevent_hosp_rate",37.39,"rate per 100k"
"51113","county","2018","prevent_hosp_rate",39.24,"rate per 100k"
"51115","county","2018","prevent_hosp_rate",33.7,"rate per 100k"
"51117","county","2018","prevent_hosp_rate",42.36,"rate per 100k"
"51119","county","2018","prevent_hosp_rate",36.87,"rate per 100k"
"51121","county","2018","prevent_hosp_rate",34.93,"rate per 100k"
"51125","county","2018","prevent_hosp_rate",37.89,"rate per 100k"
"51127","county","2018","prevent_hosp_rate",34.76,"rate per 100k"
"51131","county","2018","prevent_hosp_rate",42.44,"rate per 100k"
"51133","county","2018","prevent_hosp_rate",31.13,"rate per 100k"
"51135","county","2018","prevent_hosp_rate",36.87,"rate per 100k"
"51137","county","2018","prevent_hosp_rate",34.59,"rate per 100k"
"51139","county","2018","prevent_hosp_rate",78.56,"rate per 100k"
"51141","county","2018","prevent_hosp_rate",46.91,"rate per 100k"
"51143","county","2018","prevent_hosp_rate",42.76,"rate per 100k"
"51145","county","2018","prevent_hosp_rate",37.36,"rate per 100k"
"51147","county","2018","prevent_hosp_rate",42.91,"rate per 100k"
"51149","county","2018","prevent_hosp_rate",55.08,"rate per 100k"
"51153","county","2018","prevent_hosp_rate",38.51,"rate per 100k"
"51155","county","2018","prevent_hosp_rate",59.78,"rate per 100k"
"51157","county","2018","prevent_hosp_rate",50.53,"rate per 100k"
"51159","county","2018","prevent_hosp_rate",30.67,"rate per 100k"
"51161","county","2018","prevent_hosp_rate",33.95,"rate per 100k"
"51163","county","2018","prevent_hosp_rate",37.73,"rate per 100k"
"51165","county","2018","prevent_hosp_rate",50.71,"rate per 100k"
"51167","county","2018","prevent_hosp_rate",109.82,"rate per 100k"
"51169","county","2018","prevent_hosp_rate",58.92,"rate per 100k"
"51171","county","2018","prevent_hosp_rate",71.4,"rate per 100k"
"51173","county","2018","prevent_hosp_rate",79.61,"rate per 100k"
"51175","county","2018","prevent_hosp_rate",60.9,"rate per 100k"
"51177","county","2018","prevent_hosp_rate",58.72,"rate per 100k"
"51179","county","2018","prevent_hosp_rate",56.17,"rate per 100k"
"51181","county","2018","prevent_hosp_rate",38.73,"rate per 100k"
"51183","county","2018","prevent_hosp_rate",46.96,"rate per 100k"
"51185","county","2018","prevent_hosp_rate",89.21,"rate per 100k"
"51187","county","2018","prevent_hosp_rate",79.76,"rate per 100k"
"51191","county","2018","prevent_hosp_rate",72.75,"rate per 100k"
"51193","county","2018","prevent_hosp_rate",53.91,"rate per 100k"
"51195","county","2018","prevent_hosp_rate",81.81,"rate per 100k"
"51197","county","2018","prevent_hosp_rate",54.31,"rate per 100k"
"51199","county","2018","prevent_hosp_rate",32.84,"rate per 100k"
"51510","county","2018","prevent_hosp_rate",40.88,"rate per 100k"
"51520","county","2018","prevent_hosp_rate",78.08,"rate per 100k"
"51530","county","2018","prevent_hosp_rate",55.78,"rate per 100k"
"51540","county","2018","prevent_hosp_rate",31.75,"rate per 100k"
"51550","county","2018","prevent_hosp_rate",50.92,"rate per 100k"
"51570","county","2018","prevent_hosp_rate",NA,"rate per 100k"
"51580","county","2018","prevent_hosp_rate",NA,"rate per 100k"
"51590","county","2018","prevent_hosp_rate",50.44,"rate per 100k"
"51595","county","2018","prevent_hosp_rate",68.79,"rate per 100k"
"51600","county","2018","prevent_hosp_rate",33.57,"rate per 100k"
"51610","county","2018","prevent_hosp_rate",23.72,"rate per 100k"
"51620","county","2018","prevent_hosp_rate",67.95,"rate per 100k"
"51630","county","2018","prevent_hosp_rate",51.02,"rate per 100k"
"51640","county","2018","prevent_hosp_rate",58.14,"rate per 100k"
"51650","county","2018","prevent_hosp_rate",38.75,"rate per 100k"
"51660","county","2018","prevent_hosp_rate",41.14,"rate per 100k"
"51670","county","2018","prevent_hosp_rate",65.28,"rate per 100k"
"51678","county","2018","prevent_hosp_rate",NA,"rate per 100k"
"51680","county","2018","prevent_hosp_rate",35.7,"rate per 100k"
"51683","county","2018","prevent_hosp_rate",NA,"rate per 100k"
"51685","county","2018","prevent_hosp_rate",31.2,"rate per 100k"
"51690","county","2018","prevent_hosp_rate",45.86,"rate per 100k"
"51700","county","2018","prevent_hosp_rate",34.44,"rate per 100k"
"51710","county","2018","prevent_hosp_rate",46.26,"rate per 100k"
"51720","county","2018","prevent_hosp_rate",86.71,"rate per 100k"
"51730","county","2018","prevent_hosp_rate",54.17,"rate per 100k"
"51735","county","2018","prevent_hosp_rate",34.72,"rate per 100k"
"51740","county","2018","prevent_hosp_rate",33.89,"rate per 100k"
"51750","county","2018","prevent_hosp_rate",39.49,"rate per 100k"
"51760","county","2018","prevent_hosp_rate",41.67,"rate per 100k"
"51770","county","2018","prevent_hosp_rate",42.48,"rate per 100k"
"51775","county","2018","prevent_hosp_rate",35.37,"rate per 100k"
"51790","county","2018","prevent_hosp_rate",38.54,"rate per 100k"
"51800","county","2018","prevent_hosp_rate",43.72,"rate per 100k"
"51810","county","2018","prevent_hosp_rate",44.26,"rate per 100k"
"51820","county","2018","prevent_hosp_rate",40.21,"rate per 100k"
"51830","county","2018","prevent_hosp_rate",31.71,"rate per 100k"
"51840","county","2018","prevent_hosp_rate",71.68,"rate per 100k"
"51001","county","2017","prevent_hosp_rate",41.65,"rate per 100k"
"51003","county","2017","prevent_hosp_rate",29.34,"rate per 100k"
"51005","county","2017","prevent_hosp_rate",78.6,"rate per 100k"
"51007","county","2017","prevent_hosp_rate",39.86,"rate per 100k"
"51009","county","2017","prevent_hosp_rate",40.04,"rate per 100k"
"51011","county","2017","prevent_hosp_rate",43.54,"rate per 100k"
"51013","county","2017","prevent_hosp_rate",25.52,"rate per 100k"
"51015","county","2017","prevent_hosp_rate",42.82,"rate per 100k"
"51017","county","2017","prevent_hosp_rate",83.37,"rate per 100k"
"51019","county","2017","prevent_hosp_rate",41.77,"rate per 100k"
"51021","county","2017","prevent_hosp_rate",71.3,"rate per 100k"
"51023","county","2017","prevent_hosp_rate",40,"rate per 100k"
"51025","county","2017","prevent_hosp_rate",47.22,"rate per 100k"
"51027","county","2017","prevent_hosp_rate",148.29,"rate per 100k"
"51029","county","2017","prevent_hosp_rate",42.38,"rate per 100k"
"51031","county","2017","prevent_hosp_rate",40.34,"rate per 100k"
"51033","county","2017","prevent_hosp_rate",42.97,"rate per 100k"
"51035","county","2017","prevent_hosp_rate",58.61,"rate per 100k"
"51036","county","2017","prevent_hosp_rate",33.09,"rate per 100k"
"51037","county","2017","prevent_hosp_rate",47.96,"rate per 100k"
"51041","county","2017","prevent_hosp_rate",36.73,"rate per 100k"
"51043","county","2017","prevent_hosp_rate",60.19,"rate per 100k"
"51045","county","2017","prevent_hosp_rate",44,"rate per 100k"
"51047","county","2017","prevent_hosp_rate",43.87,"rate per 100k"
"51049","county","2017","prevent_hosp_rate",33.06,"rate per 100k"
"51051","county","2017","prevent_hosp_rate",86.26,"rate per 100k"
"51053","county","2017","prevent_hosp_rate",57.03,"rate per 100k"
"51057","county","2017","prevent_hosp_rate",40.32,"rate per 100k"
"51059","county","2017","prevent_hosp_rate",30.3,"rate per 100k"
"51061","county","2017","prevent_hosp_rate",53.07,"rate per 100k"
"51063","county","2017","prevent_hosp_rate",34.77,"rate per 100k"
"51065","county","2017","prevent_hosp_rate",33.78,"rate per 100k"
"51067","county","2017","prevent_hosp_rate",43.13,"rate per 100k"
"51069","county","2017","prevent_hosp_rate",63.45,"rate per 100k"
"51071","county","2017","prevent_hosp_rate",45.82,"rate per 100k"
"51073","county","2017","prevent_hosp_rate",45.18,"rate per 100k"
"51075","county","2017","prevent_hosp_rate",34.65,"rate per 100k"
"51077","county","2017","prevent_hosp_rate",51.34,"rate per 100k"
"51079","county","2017","prevent_hosp_rate",43.36,"rate per 100k"
"51081","county","2017","prevent_hosp_rate",65.84,"rate per 100k"
"51083","county","2017","prevent_hosp_rate",43.04,"rate per 100k"
"51085","county","2017","prevent_hosp_rate",34.04,"rate per 100k"
"51087","county","2017","prevent_hosp_rate",39.17,"rate per 100k"
"51089","county","2017","prevent_hosp_rate",62.63,"rate per 100k"
"51091","county","2017","prevent_hosp_rate",39.65,"rate per 100k"
"51093","county","2017","prevent_hosp_rate",38.66,"rate per 100k"
"51095","county","2017","prevent_hosp_rate",33.95,"rate per 100k"
"51097","county","2017","prevent_hosp_rate",37.64,"rate per 100k"
"51099","county","2017","prevent_hosp_rate",57.38,"rate per 100k"
"51101","county","2017","prevent_hosp_rate",36.29,"rate per 100k"
"51103","county","2017","prevent_hosp_rate",31.89,"rate per 100k"
"51105","county","2017","prevent_hosp_rate",80.3,"rate per 100k"
"51107","county","2017","prevent_hosp_rate",40.96,"rate per 100k"
"51109","county","2017","prevent_hosp_rate",42.06,"rate per 100k"
"51111","county","2017","prevent_hosp_rate",59.24,"rate per 100k"
"51113","county","2017","prevent_hosp_rate",34.76,"rate per 100k"
"51115","county","2017","prevent_hosp_rate",29.42,"rate per 100k"
"51117","county","2017","prevent_hosp_rate",54.83,"rate per 100k"
"51119","county","2017","prevent_hosp_rate",36.44,"rate per 100k"
"51121","county","2017","prevent_hosp_rate",37.54,"rate per 100k"
"51125","county","2017","prevent_hosp_rate",40.52,"rate per 100k"
"51127","county","2017","prevent_hosp_rate",40.03,"rate per 100k"
"51131","county","2017","prevent_hosp_rate",38.84,"rate per 100k"
"51133","county","2017","prevent_hosp_rate",28.33,"rate per 100k"
"51135","county","2017","prevent_hosp_rate",45.24,"rate per 100k"
"51137","county","2017","prevent_hosp_rate",37.5,"rate per 100k"
"51139","county","2017","prevent_hosp_rate",69.41,"rate per 100k"
"51141","county","2017","prevent_hosp_rate",48.94,"rate per 100k"
"51143","county","2017","prevent_hosp_rate",49.41,"rate per 100k"
"51145","county","2017","prevent_hosp_rate",37.04,"rate per 100k"
"51147","county","2017","prevent_hosp_rate",46.61,"rate per 100k"
"51149","county","2017","prevent_hosp_rate",51.79,"rate per 100k"
"51153","county","2017","prevent_hosp_rate",40.83,"rate per 100k"
"51155","county","2017","prevent_hosp_rate",74.9,"rate per 100k"
"51157","county","2017","prevent_hosp_rate",40.62,"rate per 100k"
"51159","county","2017","prevent_hosp_rate",45.25,"rate per 100k"
"51161","county","2017","prevent_hosp_rate",40.04,"rate per 100k"
"51163","county","2017","prevent_hosp_rate",43.7,"rate per 100k"
"51165","county","2017","prevent_hosp_rate",43.6,"rate per 100k"
"51167","county","2017","prevent_hosp_rate",127.72,"rate per 100k"
"51169","county","2017","prevent_hosp_rate",81.28,"rate per 100k"
"51171","county","2017","prevent_hosp_rate",66.01,"rate per 100k"
"51173","county","2017","prevent_hosp_rate",70.86,"rate per 100k"
"51175","county","2017","prevent_hosp_rate",47.19,"rate per 100k"
"51177","county","2017","prevent_hosp_rate",62.53,"rate per 100k"
"51179","county","2017","prevent_hosp_rate",60.92,"rate per 100k"
"51181","county","2017","prevent_hosp_rate",46,"rate per 100k"
"51183","county","2017","prevent_hosp_rate",55.09,"rate per 100k"
"51185","county","2017","prevent_hosp_rate",87.77,"rate per 100k"
"51187","county","2017","prevent_hosp_rate",76.52,"rate per 100k"
"51191","county","2017","prevent_hosp_rate",77.33,"rate per 100k"
"51193","county","2017","prevent_hosp_rate",53.05,"rate per 100k"
"51195","county","2017","prevent_hosp_rate",82.44,"rate per 100k"
"51197","county","2017","prevent_hosp_rate",57.86,"rate per 100k"
"51199","county","2017","prevent_hosp_rate",32.46,"rate per 100k"
"51510","county","2017","prevent_hosp_rate",42.38,"rate per 100k"
"51520","county","2017","prevent_hosp_rate",103.45,"rate per 100k"
"51530","county","2017","prevent_hosp_rate",56.98,"rate per 100k"
"51540","county","2017","prevent_hosp_rate",NA,"rate per 100k"
"51550","county","2017","prevent_hosp_rate",46.58,"rate per 100k"
"51570","county","2017","prevent_hosp_rate",NA,"rate per 100k"
"51580","county","2017","prevent_hosp_rate",NA,"rate per 100k"
"51590","county","2017","prevent_hosp_rate",52.6,"rate per 100k"
"51595","county","2017","prevent_hosp_rate",76.27,"rate per 100k"
"51600","county","2017","prevent_hosp_rate",NA,"rate per 100k"
"51610","county","2017","prevent_hosp_rate",21.22,"rate per 100k"
"51620","county","2017","prevent_hosp_rate",57.99,"rate per 100k"
"51630","county","2017","prevent_hosp_rate",47.08,"rate per 100k"
"51640","county","2017","prevent_hosp_rate",49.9,"rate per 100k"
"51650","county","2017","prevent_hosp_rate",37.76,"rate per 100k"
"51660","county","2017","prevent_hosp_rate",37.91,"rate per 100k"
"51670","county","2017","prevent_hosp_rate",70.05,"rate per 100k"
"51678","county","2017","prevent_hosp_rate",NA,"rate per 100k"
"51680","county","2017","prevent_hosp_rate",39.88,"rate per 100k"
"51683","county","2017","prevent_hosp_rate",35.98,"rate per 100k"
"51685","county","2017","prevent_hosp_rate",38.03,"rate per 100k"
"51690","county","2017","prevent_hosp_rate",58.48,"rate per 100k"
"51700","county","2017","prevent_hosp_rate",34.08,"rate per 100k"
"51710","county","2017","prevent_hosp_rate",43.46,"rate per 100k"
"51720","county","2017","prevent_hosp_rate",69.66,"rate per 100k"
"51730","county","2017","prevent_hosp_rate",53.48,"rate per 100k"
"51735","county","2017","prevent_hosp_rate",29.4,"rate per 100k"
"51740","county","2017","prevent_hosp_rate",29.37,"rate per 100k"
"51750","county","2017","prevent_hosp_rate",45.42,"rate per 100k"
"51760","county","2017","prevent_hosp_rate",40.95,"rate per 100k"
"51770","county","2017","prevent_hosp_rate",41.11,"rate per 100k"
"51775","county","2017","prevent_hosp_rate",40.03,"rate per 100k"
"51790","county","2017","prevent_hosp_rate",40.4,"rate per 100k"
"51800","county","2017","prevent_hosp_rate",45.94,"rate per 100k"
"51810","county","2017","prevent_hosp_rate",42.63,"rate per 100k"
"51820","county","2017","prevent_hosp_rate",40.99,"rate per 100k"
"51830","county","2017","prevent_hosp_rate",29.25,"rate per 100k"
"51840","county","2017","prevent_hosp_rate",62.33,"rate per 100k"
"51001","county","2016","prevent_hosp_rate",46.07,"rate per 100k"
"51003","county","2016","prevent_hosp_rate",36.58,"rate per 100k"
"51005","county","2016","prevent_hosp_rate",84.05,"rate per 100k"
"51007","county","2016","prevent_hosp_rate",50.35,"rate per 100k"
"51009","county","2016","prevent_hosp_rate",45.33,"rate per 100k"
"51011","county","2016","prevent_hosp_rate",56.61,"rate per 100k"
"51013","county","2016","prevent_hosp_rate",28.47,"rate per 100k"
"51015","county","2016","prevent_hosp_rate",48.38,"rate per 100k"
"51017","county","2016","prevent_hosp_rate",121.12,"rate per 100k"
"51019","county","2016","prevent_hosp_rate",41.09,"rate per 100k"
"51021","county","2016","prevent_hosp_rate",77.44,"rate per 100k"
"51023","county","2016","prevent_hosp_rate",44.24,"rate per 100k"
"51025","county","2016","prevent_hosp_rate",78.24,"rate per 100k"
"51027","county","2016","prevent_hosp_rate",134.6,"rate per 100k"
"51029","county","2016","prevent_hosp_rate",62.48,"rate per 100k"
"51031","county","2016","prevent_hosp_rate",46.29,"rate per 100k"
"51033","county","2016","prevent_hosp_rate",45.62,"rate per 100k"
"51035","county","2016","prevent_hosp_rate",60.12,"rate per 100k"
"51036","county","2016","prevent_hosp_rate",50.2,"rate per 100k"
"51037","county","2016","prevent_hosp_rate",57.18,"rate per 100k"
"51041","county","2016","prevent_hosp_rate",41.77,"rate per 100k"
"51043","county","2016","prevent_hosp_rate",56.98,"rate per 100k"
"51045","county","2016","prevent_hosp_rate",61.24,"rate per 100k"
"51047","county","2016","prevent_hosp_rate",48.75,"rate per 100k"
"51049","county","2016","prevent_hosp_rate",47.67,"rate per 100k"
"51051","county","2016","prevent_hosp_rate",111.4,"rate per 100k"
"51053","county","2016","prevent_hosp_rate",70.78,"rate per 100k"
"51057","county","2016","prevent_hosp_rate",37.67,"rate per 100k"
"51059","county","2016","prevent_hosp_rate",32.86,"rate per 100k"
"51061","county","2016","prevent_hosp_rate",62.12,"rate per 100k"
"51063","county","2016","prevent_hosp_rate",37.81,"rate per 100k"
"51065","county","2016","prevent_hosp_rate",35.49,"rate per 100k"
"51067","county","2016","prevent_hosp_rate",46.3,"rate per 100k"
"51069","county","2016","prevent_hosp_rate",70.52,"rate per 100k"
"51071","county","2016","prevent_hosp_rate",54.41,"rate per 100k"
"51073","county","2016","prevent_hosp_rate",47.17,"rate per 100k"
"51075","county","2016","prevent_hosp_rate",40.09,"rate per 100k"
"51077","county","2016","prevent_hosp_rate",63.89,"rate per 100k"
"51079","county","2016","prevent_hosp_rate",37.68,"rate per 100k"
"51081","county","2016","prevent_hosp_rate",112.77,"rate per 100k"
"51083","county","2016","prevent_hosp_rate",38.03,"rate per 100k"
"51085","county","2016","prevent_hosp_rate",35.62,"rate per 100k"
"51087","county","2016","prevent_hosp_rate",39.88,"rate per 100k"
"51089","county","2016","prevent_hosp_rate",71.78,"rate per 100k"
"51091","county","2016","prevent_hosp_rate",53.44,"rate per 100k"
"51093","county","2016","prevent_hosp_rate",41.16,"rate per 100k"
"51095","county","2016","prevent_hosp_rate",38.26,"rate per 100k"
"51097","county","2016","prevent_hosp_rate",45.37,"rate per 100k"
"51099","county","2016","prevent_hosp_rate",64.26,"rate per 100k"
"51101","county","2016","prevent_hosp_rate",46.89,"rate per 100k"
"51103","county","2016","prevent_hosp_rate",23.32,"rate per 100k"
"51105","county","2016","prevent_hosp_rate",95.47,"rate per 100k"
"51107","county","2016","prevent_hosp_rate",46.73,"rate per 100k"
"51109","county","2016","prevent_hosp_rate",50.22,"rate per 100k"
"51111","county","2016","prevent_hosp_rate",67.34,"rate per 100k"
"51113","county","2016","prevent_hosp_rate",47.3,"rate per 100k"
"51115","county","2016","prevent_hosp_rate",35.13,"rate per 100k"
"51117","county","2016","prevent_hosp_rate",60.32,"rate per 100k"
"51119","county","2016","prevent_hosp_rate",47.04,"rate per 100k"
"51121","county","2016","prevent_hosp_rate",47.65,"rate per 100k"
"51125","county","2016","prevent_hosp_rate",46.53,"rate per 100k"
"51127","county","2016","prevent_hosp_rate",43.66,"rate per 100k"
"51131","county","2016","prevent_hosp_rate",43.5,"rate per 100k"
"51133","county","2016","prevent_hosp_rate",34.4,"rate per 100k"
"51135","county","2016","prevent_hosp_rate",70.35,"rate per 100k"
"51137","county","2016","prevent_hosp_rate",44.97,"rate per 100k"
"51139","county","2016","prevent_hosp_rate",81.68,"rate per 100k"
"51141","county","2016","prevent_hosp_rate",57.14,"rate per 100k"
"51143","county","2016","prevent_hosp_rate",49.49,"rate per 100k"
"51145","county","2016","prevent_hosp_rate",32.85,"rate per 100k"
"51147","county","2016","prevent_hosp_rate",64.04,"rate per 100k"
"51149","county","2016","prevent_hosp_rate",65.53,"rate per 100k"
"51153","county","2016","prevent_hosp_rate",43.07,"rate per 100k"
"51155","county","2016","prevent_hosp_rate",88.07,"rate per 100k"
"51157","county","2016","prevent_hosp_rate",55.28,"rate per 100k"
"51159","county","2016","prevent_hosp_rate",37.27,"rate per 100k"
"51161","county","2016","prevent_hosp_rate",39.42,"rate per 100k"
"51163","county","2016","prevent_hosp_rate",44.19,"rate per 100k"
"51165","county","2016","prevent_hosp_rate",52.15,"rate per 100k"
"51167","county","2016","prevent_hosp_rate",130.16,"rate per 100k"
"51169","county","2016","prevent_hosp_rate",93.61,"rate per 100k"
"51171","county","2016","prevent_hosp_rate",75.17,"rate per 100k"
"51173","county","2016","prevent_hosp_rate",69.66,"rate per 100k"
"51175","county","2016","prevent_hosp_rate",56.87,"rate per 100k"
"51177","county","2016","prevent_hosp_rate",67.58,"rate per 100k"
"51179","county","2016","prevent_hosp_rate",70.11,"rate per 100k"
"51181","county","2016","prevent_hosp_rate",36.24,"rate per 100k"
"51183","county","2016","prevent_hosp_rate",66.03,"rate per 100k"
"51185","county","2016","prevent_hosp_rate",101.43,"rate per 100k"
"51187","county","2016","prevent_hosp_rate",85.16,"rate per 100k"
"51191","county","2016","prevent_hosp_rate",83.8,"rate per 100k"
"51193","county","2016","prevent_hosp_rate",48.01,"rate per 100k"
"51195","county","2016","prevent_hosp_rate",104.7,"rate per 100k"
"51197","county","2016","prevent_hosp_rate",71.18,"rate per 100k"
"51199","county","2016","prevent_hosp_rate",35.33,"rate per 100k"
"51510","county","2016","prevent_hosp_rate",45.93,"rate per 100k"
"51515","county","2016","prevent_hosp_rate",52.65,"rate per 100k"
"51520","county","2016","prevent_hosp_rate",94.01,"rate per 100k"
"51530","county","2016","prevent_hosp_rate",58.93,"rate per 100k"
"51540","county","2016","prevent_hosp_rate",NA,"rate per 100k"
"51550","county","2016","prevent_hosp_rate",54.74,"rate per 100k"
"51570","county","2016","prevent_hosp_rate",NA,"rate per 100k"
"51580","county","2016","prevent_hosp_rate",NA,"rate per 100k"
"51590","county","2016","prevent_hosp_rate",48.44,"rate per 100k"
"51595","county","2016","prevent_hosp_rate",110.28,"rate per 100k"
"51600","county","2016","prevent_hosp_rate",NA,"rate per 100k"
"51610","county","2016","prevent_hosp_rate",20.98,"rate per 100k"
"51620","county","2016","prevent_hosp_rate",66.84,"rate per 100k"
"51630","county","2016","prevent_hosp_rate",58.3,"rate per 100k"
"51640","county","2016","prevent_hosp_rate",57.27,"rate per 100k"
"51650","county","2016","prevent_hosp_rate",41.29,"rate per 100k"
"51660","county","2016","prevent_hosp_rate",45.35,"rate per 100k"
"51670","county","2016","prevent_hosp_rate",72.64,"rate per 100k"
"51678","county","2016","prevent_hosp_rate",NA,"rate per 100k"
"51680","county","2016","prevent_hosp_rate",45.14,"rate per 100k"
"51683","county","2016","prevent_hosp_rate",NA,"rate per 100k"
"51685","county","2016","prevent_hosp_rate",40.8,"rate per 100k"
"51690","county","2016","prevent_hosp_rate",64.94,"rate per 100k"
"51700","county","2016","prevent_hosp_rate",38.19,"rate per 100k"
"51710","county","2016","prevent_hosp_rate",52.06,"rate per 100k"
"51720","county","2016","prevent_hosp_rate",99.26,"rate per 100k"
"51730","county","2016","prevent_hosp_rate",81.24,"rate per 100k"
"51735","county","2016","prevent_hosp_rate",32.7,"rate per 100k"
"51740","county","2016","prevent_hosp_rate",30.04,"rate per 100k"
"51750","county","2016","prevent_hosp_rate",50.7,"rate per 100k"
"51760","county","2016","prevent_hosp_rate",52.18,"rate per 100k"
"51770","county","2016","prevent_hosp_rate",52.52,"rate per 100k"
"51775","county","2016","prevent_hosp_rate",43.27,"rate per 100k"
"51790","county","2016","prevent_hosp_rate",41.97,"rate per 100k"
"51800","county","2016","prevent_hosp_rate",47.15,"rate per 100k"
"51810","county","2016","prevent_hosp_rate",48.12,"rate per 100k"
"51820","county","2016","prevent_hosp_rate",42.28,"rate per 100k"
"51830","county","2016","prevent_hosp_rate",34.48,"rate per 100k"
"51840","county","2016","prevent_hosp_rate",71.85,"rate per 100k"
"51001","county","2015","prevent_hosp_rate",51.35,"rate per 100k"
"51003","county","2015","prevent_hosp_rate",42.87,"rate per 100k"
"51005","county","2015","prevent_hosp_rate",85.32,"rate per 100k"
"51007","county","2015","prevent_hosp_rate",41.04,"rate per 100k"
"51009","county","2015","prevent_hosp_rate",61.06,"rate per 100k"
"51011","county","2015","prevent_hosp_rate",67.67,"rate per 100k"
"51013","county","2015","prevent_hosp_rate",32.91,"rate per 100k"
"51015","county","2015","prevent_hosp_rate",44.84,"rate per 100k"
"51017","county","2015","prevent_hosp_rate",115.31,"rate per 100k"
"51019","county","2015","prevent_hosp_rate",45.6,"rate per 100k"
"51021","county","2015","prevent_hosp_rate",88.09,"rate per 100k"
"51023","county","2015","prevent_hosp_rate",49.03,"rate per 100k"
"51025","county","2015","prevent_hosp_rate",84.86,"rate per 100k"
"51027","county","2015","prevent_hosp_rate",182.47,"rate per 100k"
"51029","county","2015","prevent_hosp_rate",64.38,"rate per 100k"
"51031","county","2015","prevent_hosp_rate",57.97,"rate per 100k"
"51033","county","2015","prevent_hosp_rate",51.99,"rate per 100k"
"51035","county","2015","prevent_hosp_rate",76.27,"rate per 100k"
"51036","county","2015","prevent_hosp_rate",51.8,"rate per 100k"
"51037","county","2015","prevent_hosp_rate",56.61,"rate per 100k"
"51041","county","2015","prevent_hosp_rate",45.49,"rate per 100k"
"51043","county","2015","prevent_hosp_rate",64.38,"rate per 100k"
"51045","county","2015","prevent_hosp_rate",51.99,"rate per 100k"
"51047","county","2015","prevent_hosp_rate",58.53,"rate per 100k"
"51049","county","2015","prevent_hosp_rate",52.59,"rate per 100k"
"51051","county","2015","prevent_hosp_rate",129.6,"rate per 100k"
"51053","county","2015","prevent_hosp_rate",77.23,"rate per 100k"
"51057","county","2015","prevent_hosp_rate",50.89,"rate per 100k"
"51059","county","2015","prevent_hosp_rate",37.14,"rate per 100k"
"51061","county","2015","prevent_hosp_rate",61.35,"rate per 100k"
"51063","county","2015","prevent_hosp_rate",40.89,"rate per 100k"
"51065","county","2015","prevent_hosp_rate",48.46,"rate per 100k"
"51067","county","2015","prevent_hosp_rate",50.83,"rate per 100k"
"51069","county","2015","prevent_hosp_rate",77.02,"rate per 100k"
"51071","county","2015","prevent_hosp_rate",80.06,"rate per 100k"
"51073","county","2015","prevent_hosp_rate",59.07,"rate per 100k"
"51075","county","2015","prevent_hosp_rate",40.36,"rate per 100k"
"51077","county","2015","prevent_hosp_rate",75.14,"rate per 100k"
"51079","county","2015","prevent_hosp_rate",58.35,"rate per 100k"
"51081","county","2015","prevent_hosp_rate",NA,"rate per 100k"
"51083","county","2015","prevent_hosp_rate",47.34,"rate per 100k"
"51085","county","2015","prevent_hosp_rate",40.84,"rate per 100k"
"51087","county","2015","prevent_hosp_rate",43.3,"rate per 100k"
"51089","county","2015","prevent_hosp_rate",66.64,"rate per 100k"
"51091","county","2015","prevent_hosp_rate",80.48,"rate per 100k"
"51093","county","2015","prevent_hosp_rate",42.73,"rate per 100k"
"51095","county","2015","prevent_hosp_rate",41.12,"rate per 100k"
"51097","county","2015","prevent_hosp_rate",56.19,"rate per 100k"
"51099","county","2015","prevent_hosp_rate",68.99,"rate per 100k"
"51101","county","2015","prevent_hosp_rate",47.81,"rate per 100k"
"51103","county","2015","prevent_hosp_rate",40.54,"rate per 100k"
"51105","county","2015","prevent_hosp_rate",135.45,"rate per 100k"
"51107","county","2015","prevent_hosp_rate",52.04,"rate per 100k"
"51109","county","2015","prevent_hosp_rate",55.33,"rate per 100k"
"51111","county","2015","prevent_hosp_rate",67.7,"rate per 100k"
"51113","county","2015","prevent_hosp_rate",48.72,"rate per 100k"
"51115","county","2015","prevent_hosp_rate",40.07,"rate per 100k"
"51117","county","2015","prevent_hosp_rate",61.77,"rate per 100k"
"51119","county","2015","prevent_hosp_rate",46.11,"rate per 100k"
"51121","county","2015","prevent_hosp_rate",53.31,"rate per 100k"
"51125","county","2015","prevent_hosp_rate",50.43,"rate per 100k"
"51127","county","2015","prevent_hosp_rate",41.57,"rate per 100k"
"51131","county","2015","prevent_hosp_rate",54.88,"rate per 100k"
"51133","county","2015","prevent_hosp_rate",35.08,"rate per 100k"
"51135","county","2015","prevent_hosp_rate",69.21,"rate per 100k"
"51137","county","2015","prevent_hosp_rate",46.28,"rate per 100k"
"51139","county","2015","prevent_hosp_rate",93.1,"rate per 100k"
"51141","county","2015","prevent_hosp_rate",63.87,"rate per 100k"
"51143","county","2015","prevent_hosp_rate",60.21,"rate per 100k"
"51145","county","2015","prevent_hosp_rate",43.03,"rate per 100k"
"51147","county","2015","prevent_hosp_rate",73.71,"rate per 100k"
"51149","county","2015","prevent_hosp_rate",80.84,"rate per 100k"
"51153","county","2015","prevent_hosp_rate",48.98,"rate per 100k"
"51155","county","2015","prevent_hosp_rate",113.16,"rate per 100k"
"51157","county","2015","prevent_hosp_rate",58.19,"rate per 100k"
"51159","county","2015","prevent_hosp_rate",47.52,"rate per 100k"
"51161","county","2015","prevent_hosp_rate",45.97,"rate per 100k"
"51163","county","2015","prevent_hosp_rate",60.5,"rate per 100k"
"51165","county","2015","prevent_hosp_rate",67.51,"rate per 100k"
"51167","county","2015","prevent_hosp_rate",159.7,"rate per 100k"
"51169","county","2015","prevent_hosp_rate",105.51,"rate per 100k"
"51171","county","2015","prevent_hosp_rate",78.82,"rate per 100k"
"51173","county","2015","prevent_hosp_rate",76.82,"rate per 100k"
"51175","county","2015","prevent_hosp_rate",75.42,"rate per 100k"
"51177","county","2015","prevent_hosp_rate",71.61,"rate per 100k"
"51179","county","2015","prevent_hosp_rate",70.73,"rate per 100k"
"51181","county","2015","prevent_hosp_rate",58.22,"rate per 100k"
"51183","county","2015","prevent_hosp_rate",83.2,"rate per 100k"
"51185","county","2015","prevent_hosp_rate",130.12,"rate per 100k"
"51187","county","2015","prevent_hosp_rate",94.71,"rate per 100k"
"51191","county","2015","prevent_hosp_rate",90.4,"rate per 100k"
"51193","county","2015","prevent_hosp_rate",65.1,"rate per 100k"
"51195","county","2015","prevent_hosp_rate",126.14,"rate per 100k"
"51197","county","2015","prevent_hosp_rate",70.43,"rate per 100k"
"51199","county","2015","prevent_hosp_rate",41.68,"rate per 100k"
"51510","county","2015","prevent_hosp_rate",49.4,"rate per 100k"
"51515","county","2015","prevent_hosp_rate",61.67,"rate per 100k"
"51520","county","2015","prevent_hosp_rate",109.85,"rate per 100k"
"51530","county","2015","prevent_hosp_rate",56.58,"rate per 100k"
"51540","county","2015","prevent_hosp_rate",NA,"rate per 100k"
"51550","county","2015","prevent_hosp_rate",53.63,"rate per 100k"
"51570","county","2015","prevent_hosp_rate",NA,"rate per 100k"
"51580","county","2015","prevent_hosp_rate",NA,"rate per 100k"
"51590","county","2015","prevent_hosp_rate",53.82,"rate per 100k"
"51595","county","2015","prevent_hosp_rate",111.31,"rate per 100k"
"51600","county","2015","prevent_hosp_rate",44.15,"rate per 100k"
"51610","county","2015","prevent_hosp_rate",34.36,"rate per 100k"
"51620","county","2015","prevent_hosp_rate",69.92,"rate per 100k"
"51630","county","2015","prevent_hosp_rate",81.15,"rate per 100k"
"51640","county","2015","prevent_hosp_rate",84.51,"rate per 100k"
"51650","county","2015","prevent_hosp_rate",44.96,"rate per 100k"
"51660","county","2015","prevent_hosp_rate",NA,"rate per 100k"
"51670","county","2015","prevent_hosp_rate",90.22,"rate per 100k"
"51678","county","2015","prevent_hosp_rate",NA,"rate per 100k"
"51680","county","2015","prevent_hosp_rate",54.53,"rate per 100k"
"51683","county","2015","prevent_hosp_rate",NA,"rate per 100k"
"51685","county","2015","prevent_hosp_rate",49.67,"rate per 100k"
"51690","county","2015","prevent_hosp_rate",62.34,"rate per 100k"
"51700","county","2015","prevent_hosp_rate",38.35,"rate per 100k"
"51710","county","2015","prevent_hosp_rate",58.24,"rate per 100k"
"51720","county","2015","prevent_hosp_rate",125.99,"rate per 100k"
"51730","county","2015","prevent_hosp_rate",NA,"rate per 100k"
"51735","county","2015","prevent_hosp_rate",39.55,"rate per 100k"
"51740","county","2015","prevent_hosp_rate",37.39,"rate per 100k"
"51750","county","2015","prevent_hosp_rate",65.78,"rate per 100k"
"51760","county","2015","prevent_hosp_rate",51.41,"rate per 100k"
"51770","county","2015","prevent_hosp_rate",52.01,"rate per 100k"
"51775","county","2015","prevent_hosp_rate",56.51,"rate per 100k"
"51790","county","2015","prevent_hosp_rate",49.98,"rate per 100k"
"51800","county","2015","prevent_hosp_rate",51.07,"rate per 100k"
"51810","county","2015","prevent_hosp_rate",50.94,"rate per 100k"
"51820","county","2015","prevent_hosp_rate",48.13,"rate per 100k"
"51830","county","2015","prevent_hosp_rate",39.84,"rate per 100k"
"51840","county","2015","prevent_hosp_rate",71.3,"rate per 100k"
